{"cameraMode":{"drawMode":0,"name":"Shaded","section":"Shading Mode"},"sceneLighting":true,"audioPlay":false,"sceneViewState":{"showFog":true,"showMaterialUpdate":false,"showSkybox":true,"showFlares":true,"showImageEffects":true,"showParticleSystems":true},"in2DMode":false,"pivot":{"x":-1.6122572422027588,"y":0.37846603989601138,"z":-3.4350523948669435},"rotation":{"x":-0.06399864703416825,"y":0.631351888179779,"z":-0.05240180715918541,"w":-0.7710726857185364},"size":10.407720565795899,"orthographic":true}