{"cameraMode":{"drawMode":0,"name":"Shaded","section":"Shading Mode"},"sceneLighting":true,"audioPlay":false,"sceneViewState":{"showFog":true,"showMaterialUpdate":false,"showSkybox":true,"showFlares":true,"showImageEffects":true,"showParticleSystems":true},"in2DMode":false,"pivot":{"x":-0.82280033826828,"y":-1.5288530588150025,"z":-0.49504193663597109},"rotation":{"x":0.23223218321800233,"y":-0.08071968704462052,"z":0.019343022257089616,"w":0.9691122174263},"size":10.126449584960938,"orthographic":false}